{"(((7, 7), (8, 3), 1, 1, 1, 1), np.int64(4))": -0.1, "(((7, 7), (7, 3), 1, 1, 1, 1), 2)": -0.199, "(((6, 7), (6, 3), 1, 1, 1, 1), 2)": -0.19, "(((5, 7), (6, 2), 1, 1, 1, 1), 3)": -0.1, "(((6, 7), (6, 3), 1, 1, 1, 1), 3)": -0.199, "(((7, 7), (7, 3), 1, 1, 1, 1), 4)": -0.1, "(((7, 7), (6, 3), 1, 1, 1, 1), 3)": -0.1, "(((8, 7), (7, 3), 1, 1, 1, 1), 2)": -0.1, "(((7, 7), (7, 2), 1, 1, 1, 1), 4)": -0.1, "(((7, 7), (7, 3), 1, 1, 1, 1), 3)": -0.1, "(((8, 7), (8, 3), 1, 1, 1, 1), 4)": -0.1, "(((8, 7), (8, 2), 1, 1, 1, 1), 2)": -0.1, "(((7, 7), (8, 3), 1, 1, 1, 1), 3)": -0.1, "(((8, 7), (8, 2), 1, 1, 1, 1), 4)": -0.1, "(((8, 7), (8, 3), 1, 1, 1, 1), 3)": -0.1, "(((9, 7), (9, 3), 1, 1, 1, 1), 4)": -0.1, "(((9, 7), (10, 3), 1, 1, 1, 1), 2)": -0.1, "(((8, 7), (9, 3), 1, 1, 1, 1), 2)": -0.1, "(((7, 7), (8, 3), 1, 1, 1, 1), 2)": -0.19, "(((6, 7), (7, 3), 1, 1, 1, 1), 2)": -0.1, "(((5, 7), (6, 3), 1, 1, 1, 1), 4)": -0.1, "(((5, 7), (5, 3), 1, 1, 1, 1), 4)": -0.1, "(((5, 7), (6, 3), 1, 1, 1, 1), 3)": -0.1, "(((6, 7), (7, 3), 1, 1, 1, 1), 3)": -0.10900000000000001, "(((6, 7), (7, 3), 1, 1, 1, 1), 4)": -0.1, "(((6, 7), (6, 3), 1, 1, 1, 1), 4)": -0.19, "(((6, 7), (6, 2), 1, 1, 1, 1), 4)": -0.10900000000000001, "(((5, 7), (5, 3), 1, 1, 1, 1), 3)": -0.10900000000000001, "(((6, 7), (6, 2), 1, 1, 1, 1), 2)": -0.1, "(((5, 7), (6, 3), 1, 1, 1, 1), 0)": -0.1, "(((5, 6), (5, 3), 1, 1, 1, 1), 2)": -0.1, "(((4, 6), (4, 3), 1, 1, 1, 1), 1)": -0.1, "(((4, 7), (3, 3), 1, 1, 1, 1), 3)": -0.1, "(((5, 7), (4, 3), 1, 1, 1, 1), 4)": -0.1, "(((5, 7), (4, 4), 1, 1, 1, 1), 3)": -0.1, "(((6, 7), (4, 5), 1, 1, 1, 1), 4)": -0.1, "(((6, 7), (5, 5), 1, 1, 1, 1), 2)": -100.0, "(((5, 7), (5, 6), 1, 1, 1, 1), 0)": -100.0, "(((5, 6), (4, 6), 1, 1, 1, 1), 2)": -100.0, "(((4, 6), (5, 6), 1, 1, 1, 1), 3)": -100.0, "(((5, 6), (4, 6), 1, 1, 1, 1), 4)": -100.0, "(((6, 7), (8, 3), 1, 1, 1, 1), 2)": -0.1, "(((5, 7), (7, 3), 1, 1, 1, 1), 4)": -0.1, "(((5, 7), (6, 3), 1, 1, 1, 1), 2)": -0.1, "(((4, 7), (5, 3), 1, 1, 1, 1), 3)": -0.1, "(((5, 7), (4, 3), 1, 1, 1, 1), 2)": -0.1, "(((4, 7), (4, 4), 1, 1, 1, 1), 4)": -0.1, "(((4, 7), (4, 5), 1, 1, 1, 1), 4)": -100.0, "(((4, 7), (4, 6), 1, 1, 1, 1), 4)": -100.0, "(((3, 3), (8, 3), 1, 1, 1, 1), 4)": -0.1, "(((3, 3), (7, 3), 1, 1, 1, 1), 1)": -0.1, "(((3, 4), (6, 3), 1, 1, 1, 1), 1)": -0.1, "(((3, 5), (5, 3), 1, 1, 1, 1), 3)": -0.1, "(((4, 5), (4, 3), 1, 1, 1, 1), 4)": -100.0, "(((4, 5), (4, 4), 1, 1, 1, 1), 3)": -100.0, "(((5, 5), (4, 5), 1, 1, 1, 1), 4)": -100.0, "(((4, 7), (8, 3), 1, 1, 1, 1), 2)": -0.1, "(((3, 7), (7, 3), 1, 1, 1, 1), np.int64(1))": -0.1, "(((3, 8), (6, 3), 1, 1, 1, 1), 1)": -0.1, "(((3, 9), (5, 3), 1, 1, 1, 1), 0)": -0.1, "(((3, 8), (4, 3), 1, 1, 1, 1), 1)": -0.1, "(((3, 9), (3, 3), 1, 1, 1, 1), np.int64(3))": -0.1, "(((4, 9), (4, 3), 1, 1, 1, 1), 4)": -0.1, "(((4, 9), (4, 4), 1, 1, 1, 1), 4)": -0.1, "(((4, 9), (4, 5), 1, 1, 1, 1), 3)": -0.1, "(((5, 9), (4, 6), 1, 1, 1, 1), 4)": -0.1, "(((5, 9), (5, 6), 1, 1, 1, 1), 2)": -0.1, "(((4, 9), (5, 7), 1, 1, 1, 1), 4)": -0.1, "(((4, 9), (4, 7), 1, 1, 1, 1), 3)": -0.1, "(((5, 9), (5, 7), 1, 1, 1, 1), 2)": -0.1, "(((4, 9), (4, 7), 1, 1, 1, 1), np.int64(1))": -0.1, "(((4, 10), (4, 8), 1, 1, 1, 1), 4)": -100.0, "(((4, 10), (4, 9), 1, 1, 1, 1), 0)": -100.0, "(((4, 9), (4, 8), 1, 1, 1, 1), 4)": -100.0, "(((7, 2), (8, 3), 1, 1, 1, 1), 4)": -100.0, "(((7, 2), (8, 2), 1, 1, 1, 1), np.int64(1))": -100.0, "(((7, 3), (8, 3), 1, 1, 1, 1), 2)": -100.0, "(((6, 3), (7, 3), 1, 1, 1, 1), 0)": -100.0, "(((6, 2), (7, 2), 1, 1, 1, 1), 4)": -100.0, "(((3, 9), (8, 3), 1, 1, 1, 1), 4)": -0.1, "(((3, 9), (8, 2), 1, 1, 1, 1), 3)": -0.1, "(((4, 9), (7, 2), 1, 1, 1, 1), np.int64(3))": -0.1, "(((5, 9), (6, 2), 1, 1, 1, 1), 4)": -0.1, "(((5, 9), (6, 3), 1, 1, 1, 1), 4)": -0.1, "(((5, 9), (5, 3), 1, 1, 1, 1), 4)": -0.1, "(((5, 9), (4, 3), 1, 1, 1, 1), 4)": -0.1, "(((5, 9), (5, 3), 1, 1, 1, 1), 2)": -0.1, "(((4, 9), (4, 3), 1, 1, 1, 1), 1)": -0.1, "(((4, 10), (4, 4), 1, 1, 1, 1), 4)": -0.1, "(((4, 10), (4, 5), 1, 1, 1, 1), 1)": -0.1, "(((4, 11), (4, 6), 1, 1, 1, 1), 2)": -0.1, "(((3, 11), (4, 7), 1, 1, 1, 1), 2)": -0.1, "(((2, 11), (4, 8), 1, 1, 1, 1), 2)": 1.0, "(((1, 11), (3, 8), 1, 1, 0, 1), 4)": -0.1, "(((1, 11), (3, 9), 1, 1, 0, 1), 3)": -0.1, "(((2, 11), (4, 9), 1, 1, 0, 1), 4)": -0.1, "(((2, 11), (4, 10), 1, 1, 0, 1), 2)": -0.1, "(((1, 11), (4, 11), 1, 1, 0, 1), 4)": -0.1, "(((1, 11), (3, 11), 1, 1, 0, 1), 0)": -100.0, "(((1, 10), (2, 11), 1, 1, 0, 1), 1)": -100.0, "(((14, 2), (8, 3), 1, 1, 1, 1), 4)": -0.1, "(((14, 2), (9, 3), 1, 1, 1, 1), 1)": -0.1, "(((14, 3), (10, 3), 1, 1, 1, 1), 0)": -0.1, "(((14, 2), (11, 3), 1, 1, 1, 1), 0)": 1.9, "(((14, 1), (12, 3), 1, 0, 1, 1), 4)": -0.1, "(((14, 1), (12, 4), 1, 0, 1, 1), 4)": -0.1, "(((14, 1), (12, 3), 1, 0, 1, 1), 2)": -0.1, "(((13, 1), (11, 3), 1, 0, 1, 1), 2)": -0.1, "(((12, 1), (12, 3), 1, 0, 1, 1), 4)": -0.1, "(((12, 1), (12, 4), 1, 0, 1, 1), 2)": -0.1, "(((11, 1), (11, 4), 1, 0, 1, 1), 4)": -0.1, "(((11, 1), (11, 3), 1, 0, 1, 1), 4)": -100.0, "(((11, 1), (11, 2), 1, 0, 1, 1), np.int64(4))": -0.1, "(((11, 1), (11, 3), 1, 0, 1, 1), 1)": -100.0, "(((5, 7), (8, 3), 1, 1, 1, 1), 0)": -0.1, "(((5, 6), (7, 3), 1, 1, 1, 1), 4)": -0.1, "(((5, 6), (6, 3), 1, 1, 1, 1), 4)": -0.1, "(((5, 6), (5, 3), 1, 1, 1, 1), 4)": -0.1, "(((5, 6), (4, 3), 1, 1, 1, 1), 0)": -0.1, "(((5, 5), (5, 3), 1, 1, 1, 1), 4)": -0.1, "(((5, 5), (4, 3), 1, 1, 1, 1), 3)": -0.1, "(((6, 5), (4, 4), 1, 1, 1, 1), 4)": -0.1, "(((6, 5), (4, 5), 1, 1, 1, 1), 2)": -100.0, "(((13, 6), (8, 3), 1, 1, 1, 1), 4)": -0.1, "(((13, 6), (9, 3), 1, 1, 1, 1), 3)": -0.1, "(((14, 6), (10, 3), 1, 1, 1, 1), np.int64(0))": -0.1, "(((14, 5), (11, 3), 1, 1, 1, 1), 4)": -0.1, "(((14, 5), (12, 3), 1, 1, 1, 1), 0)": -0.1, "(((14, 4), (12, 4), 1, 1, 1, 1), 4)": -0.1, "(((14, 4), (12, 5), 1, 1, 1, 1), 0)": -0.1, "(((14, 3), (12, 4), 1, 1, 1, 1), 0)": -0.1, "(((14, 2), (12, 3), 1, 1, 1, 1), 4)": -0.009999999999999998, "(((14, 1), (12, 3), 1, 0, 1, 1), 1)": -0.1, "(((14, 2), (12, 4), 1, 0, 1, 1), np.int64(1))": -0.1, "(((14, 3), (12, 3), 1, 0, 1, 1), 0)": -0.1, "(((14, 2), (11, 3), 1, 0, 1, 1), 4)": -0.1, "(((14, 2), (11, 2), 1, 0, 1, 1), 0)": -0.1, "(((14, 1), (11, 1), 1, 0, 1, 1), 1)": -0.1, "(((14, 2), (11, 2), 1, 0, 1, 1), np.int64(1))": -0.1, "(((14, 3), (11, 3), 1, 0, 1, 1), 4)": -0.1, "(((14, 3), (12, 3), 1, 0, 1, 1), 1)": -0.1, "(((14, 4), (12, 4), 1, 0, 1, 1), 4)": -0.1, "(((14, 4), (12, 3), 1, 0, 1, 1), 0)": -0.1, "(((14, 3), (12, 4), 1, 0, 1, 1), 1)": -0.1, "(((14, 4), (12, 5), 1, 0, 1, 1), 1)": -100.0, "(((14, 5), (13, 5), 1, 0, 1, 1), 4)": -100.0, "(((11, 2), (8, 3), 1, 1, 1, 1), 0)": -0.1, "(((11, 1), (8, 2), 1, 1, 1, 1), 4)": -0.1, "(((11, 1), (9, 2), 1, 1, 1, 1), 1)": -0.1, "(((11, 2), (9, 1), 1, 1, 1, 1), 1)": -0.1, "(((11, 3), (9, 2), 1, 1, 1, 1), 4)": -0.1, "(((11, 3), (9, 3), 1, 1, 1, 1), 3)": -0.1, "(((12, 3), (10, 3), 1, 1, 1, 1), 4)": -100.0, "(((12, 3), (11, 3), 1, 1, 1, 1), 4)": -100.0}